tag,class,selector
symbol,icon,symbol.icon
div,height100,div.height100
div,layout,div.layout
div,layout-default,div.layout-default
div,layout-top,div.layout-top
div,carousel,div.carousel
div,layout-countdown,div.layout-countdown
div,el-carousel,div.el-carousel
div,el-carousel--horizontal,div.el-carousel--horizontal
div,carouselClass,div.carouselClass
div,el-carousel__container,div.el-carousel__container
div,el-carousel__item,div.el-carousel__item
div,is-active,div.is-active
div,is-animating,div.is-animating
div,welfare-banner,div.welfare-banner
div,relative,div.relative
div,top-bar,div.top-bar
div,top-bar__container,div.top-bar__container
div,top-bar__left,div.top-bar__left
div,top-bar__logo,div.top-bar__logo
div,custom-link,div.custom-link
a,nuxt-link-exact-active,a.nuxt-link-exact-active
a,nuxt-link-active,a.nuxt-link-active
div,top-bar__nav,div.top-bar__nav
div,top-bar-nav-item,div.top-bar-nav-item
div,top-bar-nav-item__dropdown-composite,div.top-bar-nav-item__dropdown-composite
div,top-bar-nav-item__hotpoint,div.top-bar-nav-item__hotpoint
div,dropdown__wrapper,div.dropdown__wrapper
div,composite__wrapper,div.composite__wrapper
div,composite__header,div.composite__header
div,composite__header-title,div.composite__header-title
div,composite__columns,div.composite__columns
div,composite__items,div.composite__items
div,composite__items-flex,div.composite__items-flex
div,dropdown-item,div.dropdown-item
div,dropdown__item,div.dropdown__item
div,dropdown__item-with-icon-desc,div.dropdown__item-with-icon-desc
div,item__icon-wrapper,div.item__icon-wrapper
img,item__icon,img.item__icon
div,item__icon-wrapper-hover,div.item__icon-wrapper-hover
div,item__content,div.item__content
div,item__title,div.item__title
div,one-line-overflow,div.one-line-overflow
div,item__desc,div.item__desc
div,two-line-overflow,div.two-line-overflow
div,composite__header-more,div.composite__header-more
i,iconfont,i.iconfont
i,icon-ArrowRight,i.icon-ArrowRight
div,composite__items-grid,div.composite__items-grid
div,dropdown__item-with-icon,div.dropdown__item-with-icon
i,icon-a-Property1E-Commerce,i.icon-a-Property1E-Commerce
i,icon-a-Property1AdVerification,i.icon-a-Property1AdVerification
i,icon-a-Property1SEOMonitoring,i.icon-a-Property1SEOMonitoring
i,icon-a-Property1DataScraping,i.icon-a-Property1DataScraping
i,icon-a-Property1SocialMedia,i.icon-a-Property1SocialMedia
i,icon-a-Property1MarketResearch,i.icon-a-Property1MarketResearch
div,dropdown__item-text,div.dropdown__item-text
i,icon-a-Property1blog,i.icon-a-Property1blog
i,icon-a-Property1ProxyKnowledge,i.icon-a-Property1ProxyKnowledge
i,icon-a-Property1FAQ,i.icon-a-Property1FAQ
i,icon-a-Property1AffiliateProgram,i.icon-a-Property1AffiliateProgram
i,icon-a-Property1partner,i.icon-a-Property1partner
div,dropdown__item-downloader,div.dropdown__item-downloader
i,icon-windows1,i.icon-windows1
i,icon-download,i.icon-download
i,icon-android1,i.icon-android1
i,icon-a-Googleplay,i.icon-a-Googleplay
div,top-bar-nav-item__link,div.top-bar-nav-item__link
div,top-bar__right,div.top-bar__right
div,top-bar__language-select,div.top-bar__language-select
div,bg-lang-select,div.bg-lang-select
div,display-f-a,div.display-f-a
div,cursor,div.cursor
div,flex-justify-end,div.flex-justify-end
p,lang,p.lang
i,arrow-down,i.arrow-down
i,cursor,i.cursor
ul,lang-list,ul.lang-list
li,lang-list-item,li.lang-list-item
li,cursor,li.cursor
li,is-active,li.is-active
span,lang-list-txt,span.lang-list-txt
div,top-bar__buttons,div.top-bar__buttons
button,el-button,button.el-button
button,el-button--default,button.el-button--default
button,text,button.text
button,small,button.small
button,primary-gradient,button.primary-gradient
div,app-main,div.app-main
div,home-page,div.home-page
div,home-banner,div.home-banner
h1,home-banner__title,h1.home-banner__title
p,home-banner__description,p.home-banner__description
div,home-banner__features,div.home-banner__features
div,display-center,div.display-center
p,home-banner__feature,p.home-banner__feature
p,display-f-a,p.display-f-a
i,iconfont--block,i.iconfont--block
i,icon-duihao,i.icon-duihao
i,home-banner__feature-icon,i.home-banner__feature-icon
div,home-banner__buttons,div.home-banner__buttons
button,large,button.large
button,arrow,button.arrow
p,inline-block,p.inline-block
button,border-dark-fill,button.border-dark-fill
button,medium,button.medium
div,carousel-banner,div.carousel-banner
p,carousel-banner__title,p.carousel-banner__title
div,partners__list,div.partners__list
div,partners__item,div.partners__item
div,proxies-intro-wrapper,div.proxies-intro-wrapper
h2,proxies-intro__title,h2.proxies-intro__title
div,proxies-intro,div.proxies-intro
div,proxies-intro__card,div.proxies-intro__card
img,proxies-intro__image,img.proxies-intro__image
h3,proxies-intro__name,h3.proxies-intro__name
h4,proxies-intro__price,h4.proxies-intro__price
span,proxies-intro__price-from,span.proxies-intro__price-from
span,proxies-intro__price-price,span.proxies-intro__price-price
span,proxies-intro__price-ip,span.proxies-intro__price-ip
p,proxies-intro__custom-plan,p.proxies-intro__custom-plan
i,el-icon-warning-outline,i.el-icon-warning-outline
div,content__features,div.content__features
div,content__feature,div.content__feature
img,feature__icon,img.feature__icon
div,proxy-website-use-case-wrapper,div.proxy-website-use-case-wrapper
div,proxy-website-use-case,div.proxy-website-use-case
h2,proxy-website-use-case__title,h2.proxy-website-use-case__title
div,use-cases__cards,div.use-cases__cards
div,use-cases__card,div.use-cases__card
img,use-case__jump,img.use-case__jump
img,use-case__icon,img.use-case__icon
div,card__content,div.card__content
h3,use-case__title,h3.use-case__title
h3,one-line-overflow,h3.one-line-overflow
p,use-case__desc,p.use-case__desc
p,four-line-overflow,p.four-line-overflow
div,active,div.active
div,location-region-wrapper,div.location-region-wrapper
div,location-region,div.location-region
div,location-region-left,div.location-region-left
h2,location__title,h2.location__title
img,location__image,img.location__image
div,location-region-right,div.location-region-right
div,location-region-ips__list,div.location-region-ips__list
div,location-region-ips__item,div.location-region-ips__item
p,item__name,p.item__name
p,item__ip-num,p.item__ip-num
div,enterprise-wrapper,div.enterprise-wrapper
h2,enterprise-title,h2.enterprise-title
div,enterprise-description,div.enterprise-description
div,enterprise-box-wrapper,div.enterprise-box-wrapper
div,enterprise-box,div.enterprise-box
img,enterprise-box-icon,img.enterprise-box-icon
h3,enterprise-box-title,h3.enterprise-box-title
div,enterprise-box-info-list,div.enterprise-box-info-list
div,enterprise-box-info-item,div.enterprise-box-info-item
i,el-icon-circle-check,i.el-icon-circle-check
div,code-wrap,div.code-wrap
div,code-title,div.code-title
div,el-select,div.el-select
div,el-input,div.el-input
div,el-input--suffix,div.el-input--suffix
input,el-input__inner,input.el-input__inner
span,el-input__suffix,span.el-input__suffix
span,el-input__suffix-inner,span.el-input__suffix-inner
i,el-select__caret,i.el-select__caret
i,el-input__icon,i.el-input__icon
i,el-icon-arrow-up,i.el-icon-arrow-up
div,el-select-dropdown,div.el-select-dropdown
div,el-popper,div.el-popper
div,el-scrollbar,div.el-scrollbar
div,el-select-dropdown__wrap,div.el-select-dropdown__wrap
div,el-scrollbar__wrap,div.el-scrollbar__wrap
ul,el-scrollbar__view,ul.el-scrollbar__view
ul,el-select-dropdown__list,ul.el-select-dropdown__list
li,el-select-dropdown__item,li.el-select-dropdown__item
li,selected,li.selected
div,el-scrollbar__bar,div.el-scrollbar__bar
div,is-horizontal,div.is-horizontal
div,el-scrollbar__thumb,div.el-scrollbar__thumb
div,is-vertical,div.is-vertical
div,programme-code-content,div.programme-code-content
div,programme-language-tab,div.programme-language-tab
div,programme-language-tab-item,div.programme-language-tab-item
div,copy,div.copy
div,discussion-section,div.discussion-section
div,discussion-container,div.discussion-container
div,display-f-s,div.display-f-s
h2,section-title,h2.section-title
div,customer-testimonials__box,div.customer-testimonials__box
div,customer-testimonials__cards,div.customer-testimonials__cards
div,testimonials-container,div.testimonials-container
div,customer-testimonials__card,div.customer-testimonials__card
div,card__header,div.card__header
img,customer__avatar,img.customer__avatar
div,header__content,div.header__content
div,customer__name,div.customer__name
div,customer__role,div.customer__role
p,customer__testimonial,p.customer__testimonial
p,five-line-overflow,p.five-line-overflow
img,customer__rating,img.customer__rating
div,discussion-icon,div.discussion-icon
div,faq-collapse-wrapper,div.faq-collapse-wrapper
div,el-collapse,div.el-collapse
div,faq-collapse,div.faq-collapse
div,el-collapse-item,div.el-collapse-item
div,el-collapse-item__header,div.el-collapse-item__header
div,faq-collapse__question,div.faq-collapse__question
img,faq-collapse__question-icon,img.faq-collapse__question-icon
h3,faq-collapse__question-text,h3.faq-collapse__question-text
i,el-collapse-item__arrow,i.el-collapse-item__arrow
i,el-icon-arrow-right,i.el-icon-arrow-right
i,is-active,i.is-active
div,el-collapse-item__wrap,div.el-collapse-item__wrap
div,el-collapse-item__content,div.el-collapse-item__content
div,faq-collapse__answer,div.faq-collapse__answer
img,faq-collapse__answer-icon,img.faq-collapse__answer-icon
p,faq-collapse__answer-text,p.faq-collapse__answer-text
a,okey-primary-link,a.okey-primary-link
a,okey-primary-link--hover-underline,a.okey-primary-link--hover-underline
div,footer-wrap,div.footer-wrap
div,cat-container,div.cat-container
div,page-module-wrap,div.page-module-wrap
div,web-page,div.web-page
h2,title,h2.title
div,desc,div.desc
div,btn-group,div.btn-group
button,cursor,button.cursor
button,btn1,button.btn1
button,btn2,button.btn2
button,white-border-dark,button.white-border-dark
footer,footer,footer.footer
footer,web-page,footer.web-page
div,line,div.line
div,footer-top,div.footer-top
div,logo,div.logo
img,top-bar-logo,img.top-bar-logo
div,lang,div.lang
div,footer-language,div.footer-language
div,custom-select-box,div.custom-select-box
div,custom-select-pannel,div.custom-select-pannel
div,custume-select,div.custume-select
div,email-box,div.email-box
p,title,p.title
div,know-us,div.know-us
div,icons-list,div.icons-list
div,footer-icon,div.footer-icon
i,icon-icon-telegram,i.icon-icon-telegram
i,icon-icon-facebook,i.icon-icon-facebook
i,icon-icon-twitter,i.icon-icon-twitter
i,icon-icon-link,i.icon-icon-link
i,icon-icon-instagram,i.icon-icon-instagram
div,flex-menu,div.flex-menu
div,flex1,div.flex1
dd,cursor,dd.cursor
div,pay-box,div.pay-box
div,title,div.title
div,img-box,div.img-box
div,footer-bottom,div.footer-bottom
div,cookie-container,div.cookie-container
div,cookie-box,div.cookie-box
p,cookie-txt,p.cookie-txt
p,font-Arial,p.font-Arial
button,cookie-btn,button.cookie-btn
button,accept-btn,button.accept-btn
div,fb_reset,div.fb_reset
